deliverer_id,first_name,last_name,phone_number
1,John,Doe,234567890
2,Jane,Smith,987654210
3,Michael,Johnson,551234567
4,Emily,Brown,998887777
5,David,Davis,112223333
6,Sarah,Miller,445556666
7,Daniel,Wilson,178889999
8,Olivia,Taylor,223334444
9,Matthew,Anderson,667778888
10,Sophia,Thomas,889990000
11,William,Lee,334445555
12,Ava,Harris,667778888
13,James,Clark,112223333
14,Mia,Lewis,998887777
15,Benjamin,Young,551234567
16,Charlotte,Hall,778889999
17,Henry,Green,23334444
18,Amelia,Baker,889990000
19,Alexander,Turner,445556666
20,Ella,Adams,234567890
21,Joseph,King,876543210
22,Grace,Scott,551234567
23,Daniel,Wright,998887777
24,Harper,Mitchell,112223333
25,Matthew,Walker,445556666
26,Emily,Hill,778889999
27,Samuel,Moore,223334444
28,Evelyn,Cooper,667778888
29,David,Reed,88999000
30,Victoria,Bailey,14567890
31,Andrew,Bell,987643210
32,Sofia,Cox,555124567
33,Christopher,Kelly,998887777
34,Avery,Howard,111223333
35,Gabriel,Ward,444556666
36,Scarlett,Cruz,778889999
37,Jackson,Price,223334444
38,Abigail,Hughes,889990000
39,Ryan,Long,666778888
40,Lily,Foster,124567890
41,Liam,Morgan,976543210
42,Emma,Reynolds,555234567
43,Noah,Perry,999887477
44,Olivia,Butler,111223333
45,William,Coleman,444555666
46,Ava,Russell,777899999
47,James,Griffin,22334444
48,Isabella,Diaz,889990000
49,Logan,Hayes,444556666
50,Sophia,Myers,134567890
51,Benjamin,Ford,876543210
52,Mia,Hamilton,551234567
53,Mason,Graham,998887777
54,Charlotte,Sullivan,112223333
55,Elijah,Wallace,444555666
56,Amelia,Cole,777888999
57,Oliver,West,222333444
58,Harper,Barnes,888990000
59,Jacob,Fisher,444556666
60,Evelyn,Bennett,134567890
61,Lucas,Bryant,987643210
62,Lily,Reyes,555124567
63,Michael,Holt,988887777
64,Avery,Murphy,112223333
65,Daniel,Rogers,445556666
66,Sofia,Roberts,778889999
67,Henry,Harrison,223334444
68,Emily,Hudson,888990000
69,Jackson,Gomez,445556666
70,Scarlett,Parker,234567890
71,Sebastian,Ross,986543210
72,Aria,Powell,555124567
73,Jack,Simpson,999887777
74,Abigail,Henderson,112223333
75,Aiden,Johnston,444556666
76,Emily,Torres,777888999
77,Matthew,Ferguson,222334444
78,Ella,Patterson,888990000
79,Leo,Sanchez,444555666
80,Stella,Murray,123456890
81,Lucas,Hughes,987653210
82,Chloe,Gonzalez,555134567
83,Alexander,Baker,998887777
84,Sophia,Carter,111223333
85,Henry,Turner,444556666
86,Ella,Perez,777889999
87,Joseph,Ward,223334444
88,Grace,Hall,889990000
89,Benjamin,Bell,445556666
90,Scarlett,Garcia,134567890
91,Daniel,Collins,987543210
92,Avery,Rivera,555134567
93,William,Mitchell,998887377
94,Mia,Flores,111222333
95,James,Morris,444556666
96,Amelia,Simmons,777889999
97,Oliver,Price,222334444
98,Charlotte,Reed,889990000
99,Logan,Foster,444556666
100,Evelyn,Hill,123467890
101,Kasra,BB,9124356101
